,,2016,2016,2015,2015,2014,2014,2013,2013,2012,2012,2011,2011,2010,2010,2009,2009,2008,2008,2007,2007,2006,2006,2005,2005,2004,2004,2003,2003,2002,2002,2001,2001,2000,2000
Indicator,Age Group,Male,Female,Male,Female,Male,Female,Male,Female,Male,Female,Male,Female,Male,Female,Male,Female,Male,Female,Male,Female,Male,Female,Male,Female,Male,Female,Male,Female,Male,Female,Male,Female,Male,Female
nMx - age-specific death rate between ages x and x+n,<1 year,0.078,0.069,0.08,0.071,0.082,0.072,0.083,0.074,0.085,0.076,0.087,0.078,0.089,0.08,0.092,0.082,0.095,0.085,0.1,0.089,0.104,0.093,0.11,0.098,0.115,0.103,0.122,0.108,0.128,0.114,0.134,0.118,0.138,0.122
nMx - age-specific death rate between ages x and x+n,1-4 years,0.012,0.012,0.012,0.013,0.013,0.013,0.013,0.014,0.014,0.015,0.015,0.015,0.016,0.016,0.017,0.017,0.018,0.018,0.019,0.02,0.02,0.021,0.022,0.023,0.024,0.025,0.026,0.027,0.028,0.028,0.03,0.03,0.032,0.032
nMx - age-specific death rate between ages x and x+n,5-9 years,0.003,0.003,0.003,0.003,0.004,0.004,0.004,0.004,0.004,0.004,0.004,0.004,0.004,0.004,0.004,0.004,0.004,0.004,0.004,0.004,0.005,0.005,0.005,0.005,0.005,0.005,0.005,0.005,0.005,0.005,0.005,0.005,0.005,0.005
nMx - age-specific death rate between ages x and x+n,10-14 years,0.002,0.002,0.002,0.002,0.002,0.002,0.002,0.002,0.002,0.002,0.002,0.002,0.002,0.002,0.002,0.002,0.002,0.002,0.002,0.002,0.002,0.002,0.002,0.002,0.002,0.002,0.002,0.002,0.002,0.002,0.002,0.002,0.002,0.002
nMx - age-specific death rate between ages x and x+n,15-19  years,0.003,0.003,0.003,0.003,0.003,0.003,0.004,0.004,0.004,0.004,0.004,0.004,0.004,0.004,0.004,0.004,0.004,0.004,0.004,0.004,0.004,0.004,0.004,0.004,0.004,0.004,0.004,0.004,0.004,0.004,0.005,0.005,0.005,0.005
nMx - age-specific death rate between ages x and x+n,20-24 years,0.004,0.004,0.004,0.004,0.004,0.004,0.005,0.005,0.005,0.005,0.004,0.005,0.005,0.005,0.005,0.005,0.005,0.005,0.005,0.005,0.005,0.005,0.005,0.005,0.005,0.005,0.005,0.005,0.006,0.006,0.006,0.006,0.006,0.006
nMx - age-specific death rate between ages x and x+n,25-29 years,0.005,0.005,0.005,0.005,0.005,0.005,0.005,0.005,0.005,0.005,0.005,0.005,0.005,0.005,0.005,0.005,0.005,0.005,0.005,0.005,0.005,0.006,0.006,0.006,0.006,0.006,0.006,0.006,0.006,0.006,0.006,0.006,0.007,0.007
nMx - age-specific death rate between ages x and x+n,30-34 years,0.005,0.005,0.005,0.005,0.005,0.005,0.006,0.005,0.005,0.005,0.005,0.005,0.005,0.005,0.005,0.005,0.005,0.005,0.006,0.006,0.006,0.006,0.006,0.006,0.006,0.006,0.006,0.006,0.007,0.006,0.007,0.007,0.007,0.007
nMx - age-specific death rate between ages x and x+n,35-39 years,0.005,0.006,0.006,0.006,0.006,0.006,0.006,0.006,0.006,0.006,0.006,0.006,0.006,0.006,0.006,0.006,0.006,0.006,0.006,0.006,0.006,0.006,0.007,0.007,0.007,0.007,0.007,0.007,0.007,0.007,0.007,0.007,0.008,0.008
nMx - age-specific death rate between ages x and x+n,40-44 years,0.007,0.006,0.007,0.007,0.007,0.007,0.007,0.007,0.007,0.006,0.007,0.007,0.007,0.007,0.007,0.007,0.007,0.007,0.008,0.007,0.008,0.007,0.008,0.007,0.008,0.007,0.008,0.008,0.008,0.008,0.009,0.008,0.009,0.008
nMx - age-specific death rate between ages x and x+n,45-49 years,0.008,0.007,0.008,0.008,0.008,0.008,0.009,0.008,0.008,0.008,0.008,0.008,0.008,0.008,0.008,0.008,0.008,0.008,0.009,0.008,0.009,0.008,0.009,0.008,0.009,0.008,0.009,0.009,0.009,0.009,0.01,0.009,0.01,0.009
nMx - age-specific death rate between ages x and x+n,50-54 years,0.012,0.01,0.012,0.01,0.012,0.01,0.012,0.01,0.012,0.01,0.012,0.01,0.012,0.011,0.012,0.011,0.012,0.011,0.012,0.011,0.013,0.011,0.013,0.011,0.013,0.011,0.013,0.012,0.013,0.012,0.014,0.012,0.014,0.012
nMx - age-specific death rate between ages x and x+n,55-59 years,0.017,0.014,0.017,0.014,0.017,0.015,0.017,0.015,0.017,0.015,0.017,0.015,0.017,0.015,0.017,0.015,0.017,0.015,0.018,0.015,0.018,0.015,0.018,0.016,0.018,0.016,0.019,0.016,0.019,0.017,0.019,0.017,0.02,0.017
nMx - age-specific death rate between ages x and x+n,60-64 years,0.025,0.023,0.026,0.024,0.026,0.024,0.026,0.024,0.026,0.024,0.026,0.024,0.026,0.024,0.026,0.024,0.026,0.025,0.027,0.025,0.027,0.025,0.027,0.026,0.028,0.026,0.028,0.027,0.029,0.027,0.029,0.028,0.03,0.028
nMx - age-specific death rate between ages x and x+n,65-69 years,0.039,0.038,0.04,0.038,0.04,0.039,0.04,0.039,0.04,0.039,0.04,0.039,0.04,0.039,0.04,0.04,0.041,0.04,0.041,0.04,0.041,0.041,0.042,0.041,0.042,0.042,0.043,0.043,0.044,0.044,0.044,0.044,0.045,0.045
nMx - age-specific death rate between ages x and x+n,70-74 years,0.065,0.065,0.066,0.066,0.066,0.066,0.066,0.066,0.066,0.067,0.066,0.067,0.066,0.067,0.067,0.067,0.067,0.068,0.067,0.068,0.068,0.069,0.068,0.07,0.069,0.071,0.07,0.073,0.071,0.074,0.072,0.075,0.074,0.076
nMx - age-specific death rate between ages x and x+n,75-79 years,0.11,0.11,0.11,0.11,0.111,0.111,0.111,0.112,0.111,0.112,0.111,0.112,0.112,0.113,0.112,0.113,0.112,0.113,0.113,0.114,0.113,0.115,0.114,0.117,0.116,0.119,0.117,0.12,0.118,0.122,0.12,0.123,0.121,0.125
nMx - age-specific death rate between ages x and x+n,80-84 years,0.181,0.182,0.182,0.183,0.182,0.184,0.183,0.185,0.183,0.185,0.183,0.186,0.183,0.186,0.184,0.187,0.184,0.187,0.185,0.188,0.186,0.19,0.187,0.192,0.189,0.194,0.19,0.196,0.192,0.198,0.194,0.201,0.196,0.203
nMx - age-specific death rate between ages x and x+n,85+ years,0.311,0.303,0.311,0.304,0.312,0.305,0.312,0.306,0.313,0.307,0.313,0.307,0.313,0.308,0.313,0.308,0.314,0.309,0.314,0.31,0.315,0.311,0.317,0.313,0.318,0.316,0.32,0.318,0.322,0.32,0.324,0.322,0.326,0.325
nqx - probability of dying between ages x and x+n,<1 year,0.074,0.065,0.075,0.067,0.077,0.069,0.079,0.07,0.08,0.072,0.082,0.074,0.084,0.075,0.086,0.078,0.09,0.081,0.093,0.084,0.098,0.087,0.102,0.091,0.107,0.096,0.112,0.101,0.118,0.106,0.123,0.11,0.127,0.113
nqx - probability of dying between ages x and x+n,1-4 years,0.045,0.047,0.047,0.049,0.049,0.051,0.052,0.054,0.054,0.056,0.057,0.059,0.061,0.063,0.064,0.066,0.068,0.07,0.072,0.074,0.078,0.08,0.084,0.086,0.091,0.093,0.097,0.099,0.104,0.106,0.11,0.112,0.117,0.118
nqx - probability of dying between ages x and x+n,5-9 years,0.016,0.016,0.017,0.017,0.017,0.017,0.018,0.018,0.019,0.019,0.019,0.019,0.02,0.02,0.021,0.021,0.021,0.021,0.022,0.022,0.023,0.023,0.023,0.023,0.024,0.024,0.025,0.025,0.025,0.025,0.026,0.026,0.027,0.027
nqx - probability of dying between ages x and x+n,10-14 years,0.008,0.008,0.008,0.008,0.009,0.008,0.009,0.009,0.009,0.009,0.009,0.009,0.009,0.009,0.01,0.01,0.01,0.01,0.01,0.01,0.01,0.01,0.01,0.01,0.011,0.011,0.011,0.011,0.011,0.011,0.012,0.012,0.012,0.012
nqx - probability of dying between ages x and x+n,15-19  years,0.016,0.016,0.016,0.016,0.017,0.017,0.018,0.018,0.018,0.018,0.018,0.018,0.018,0.018,0.018,0.018,0.018,0.018,0.019,0.018,0.019,0.019,0.02,0.02,0.021,0.021,0.021,0.021,0.022,0.022,0.023,0.023,0.023,0.023
nqx - probability of dying between ages x and x+n,20-24 years,0.02,0.02,0.021,0.021,0.022,0.022,0.023,0.022,0.023,0.022,0.022,0.023,0.022,0.023,0.023,0.023,0.023,0.023,0.024,0.024,0.024,0.024,0.025,0.025,0.026,0.026,0.027,0.027,0.028,0.028,0.029,0.029,0.03,0.03
nqx - probability of dying between ages x and x+n,25-29 years,0.023,0.023,0.024,0.024,0.024,0.024,0.026,0.025,0.025,0.025,0.025,0.025,0.025,0.025,0.025,0.025,0.026,0.026,0.026,0.026,0.027,0.027,0.028,0.028,0.029,0.029,0.03,0.03,0.031,0.031,0.032,0.032,0.033,0.033
nqx - probability of dying between ages x and x+n,30-34 years,0.024,0.024,0.025,0.026,0.026,0.026,0.027,0.026,0.026,0.026,0.026,0.026,0.026,0.027,0.027,0.027,0.027,0.027,0.028,0.028,0.029,0.029,0.029,0.029,0.03,0.03,0.031,0.031,0.032,0.032,0.033,0.033,0.034,0.034
nqx - probability of dying between ages x and x+n,35-39 years,0.027,0.028,0.028,0.029,0.029,0.029,0.03,0.029,0.029,0.028,0.028,0.029,0.029,0.029,0.029,0.03,0.03,0.03,0.031,0.031,0.032,0.032,0.033,0.032,0.034,0.033,0.034,0.034,0.035,0.035,0.036,0.036,0.037,0.037
nqx - probability of dying between ages x and x+n,40-44 years,0.034,0.031,0.035,0.033,0.036,0.033,0.036,0.032,0.035,0.032,0.035,0.033,0.035,0.033,0.036,0.033,0.036,0.033,0.037,0.034,0.038,0.035,0.039,0.035,0.04,0.037,0.04,0.037,0.041,0.038,0.042,0.039,0.044,0.04
nqx - probability of dying between ages x and x+n,45-49 years,0.039,0.036,0.041,0.037,0.042,0.037,0.042,0.037,0.041,0.037,0.04,0.038,0.041,0.038,0.041,0.038,0.042,0.038,0.043,0.039,0.044,0.04,0.044,0.04,0.045,0.041,0.046,0.042,0.046,0.043,0.047,0.044,0.049,0.045
nqx - probability of dying between ages x and x+n,50-54 years,0.056,0.049,0.058,0.05,0.059,0.051,0.059,0.051,0.058,0.051,0.057,0.051,0.058,0.051,0.058,0.052,0.059,0.052,0.06,0.053,0.061,0.054,0.061,0.054,0.063,0.056,0.064,0.057,0.064,0.058,0.066,0.059,0.068,0.06
nqx - probability of dying between ages x and x+n,55-59 years,0.08,0.069,0.082,0.07,0.083,0.07,0.083,0.071,0.083,0.071,0.083,0.071,0.083,0.072,0.083,0.072,0.084,0.072,0.085,0.073,0.086,0.074,0.087,0.076,0.088,0.077,0.089,0.079,0.091,0.08,0.092,0.082,0.094,0.083
nqx - probability of dying between ages x and x+n,60-64 years,0.12,0.11,0.122,0.112,0.123,0.113,0.124,0.113,0.123,0.114,0.123,0.114,0.123,0.115,0.124,0.115,0.125,0.116,0.126,0.117,0.127,0.119,0.128,0.121,0.13,0.124,0.132,0.126,0.134,0.128,0.137,0.13,0.139,0.133
nqx - probability of dying between ages x and x+n,65-69 years,0.179,0.174,0.181,0.175,0.182,0.177,0.183,0.178,0.183,0.178,0.183,0.179,0.183,0.18,0.184,0.181,0.185,0.181,0.186,0.183,0.188,0.185,0.19,0.188,0.192,0.192,0.195,0.195,0.197,0.198,0.2,0.201,0.204,0.204
nqx - probability of dying between ages x and x+n,70-74 years,0.281,0.281,0.283,0.283,0.284,0.285,0.285,0.286,0.285,0.287,0.285,0.288,0.286,0.289,0.287,0.29,0.287,0.291,0.289,0.293,0.291,0.296,0.293,0.3,0.297,0.304,0.3,0.309,0.303,0.312,0.307,0.316,0.312,0.32
nqx - probability of dying between ages x and x+n,75-79 years,0.43,0.43,0.432,0.432,0.433,0.434,0.434,0.435,0.435,0.437,0.435,0.438,0.435,0.438,0.436,0.439,0.437,0.441,0.438,0.443,0.441,0.446,0.444,0.451,0.447,0.456,0.451,0.46,0.454,0.465,0.459,0.469,0.464,0.474
nqx - probability of dying between ages x and x+n,80-84 years,0.61,0.612,0.612,0.614,0.612,0.616,0.613,0.617,0.613,0.618,0.614,0.619,0.614,0.62,0.615,0.621,0.616,0.622,0.617,0.624,0.619,0.627,0.622,0.631,0.625,0.636,0.628,0.64,0.631,0.644,0.635,0.648,0.64,0.652
nqx - probability of dying between ages x and x+n,85+ years,1,1,1,1,1,1,1,1,1,1,1,1,1,1,1,1,1,1,1,1,1,1,1,1,1,1,1,1,1,1,1,1,1,1
lx - number of people left alive at age x,<1 year,100000,100000,100000,100000,100000,100000,100000,100000,100000,100000,100000,100000,100000,100000,100000,100000,100000,100000,100000,100000,100000,100000,100000,100000,100000,100000,100000,100000,100000,100000,100000,100000,100000,100000
lx - number of people left alive at age x,1-4 years,92631.52,93469.44,92467.36,93293.35,92284.02,93121.8,92129.85,92967.33,91988.42,92812.83,91812.07,92646.85,91592.91,92452.52,91352.1,92225.73,91041.02,91945.73,90666.38,91635.36,90247.26,91260.57,89801.07,90852.41,89290.89,90389.37,88751.16,89883.86,88218.24,89422.88,87735.6,89012.71,87349.68,88660.04
lx - number of people left alive at age x,5-9 years,88461.92,89110.33,88122.2,88732.01,87720.16,88326.49,87374.77,87982.18,86998.79,87580.25,86573.48,87142.53,86022.36,86625.05,85494.5,86114.14,84855.48,85491.27,84114.84,84812.51,83246.37,83983.95,82233.91,83020.91,81192.83,82013.94,80104.57,80968.98,79054.2,79981.08,78068.73,79055.69,77171.82,78225.8
lx - number of people left alive at age x,10-14 years,87011.7,87668.42,86633.88,87243.68,86186.42,86785.56,85781.32,86378.75,85378.91,85948.91,84904.14,85461.92,84300.64,84891.77,83726.41,84335.21,83048.95,83674.19,82266.82,82953.45,81360.93,82086.02,80307.02,81078.9,79236.03,80039.35,78120.3,78964.23,77043.09,77947.05,76030.49,76992.42,75097.05,76123.68
lx - number of people left alive at age x,15-19  years,86310.18,86969.41,85914.77,86525.47,85452.48,86050.41,85002.04,85611.32,84612.63,85181.84,84136.73,84688.08,83520.9,84105.68,82927,83533.41,82232.43,82854.99,81438.19,82120.58,80529.05,81248.39,79470.54,80235.66,78388.1,79183.52,77262.53,78097.55,76175.16,77069.45,75152.32,76104.01,74215.08,75231.1
lx - number of people left alive at age x,20-24 years,84939.86,85586.93,84501.35,85097.86,84002.84,84586.51,83481.06,84100.15,83122.16,83680.86,82661.25,83187.52,82042.2,82604.85,81432.16,82026.98,80732.81,81346.32,79929.23,80602.23,78994.7,79702.81,77900.85,78653.8,76778.4,77558.73,75617.77,76435.14,74502.77,75377.47,73445.92,74376.34,72472.38,73465.52
lx - number of people left alive at age x,25-29 years,83212.18,83839.78,82722.42,83293.88,82189.95,82741.35,81538.17,82211.39,81251.58,81801.13,80824.79,81309.66,80200.41,80726.31,79559.34,80141.45,78854.01,79458.3,78044.95,78704.63,77084.08,77775.32,75948.63,76685.23,74780.24,75539.68,73579.8,74373.94,72434.22,73284.41,71340.85,72243.38,70329.09,71289.7
lx - number of people left alive at age x,30-34 years,81319.84,81914.27,80773.59,81309.19,80195.66,80715.2,79420.85,80153.34,79223.04,79775.21,78839.11,79262.81,78206.93,78684.3,77531.63,78105.11,76817.39,77422.14,75994.18,76637.55,74999.73,75657.07,73833.67,74551.47,72616.81,73346.76,71381.32,72151.88,70209.68,71044.42,69083.9,69964.99,68037.95,68961.88
lx - number of people left alive at age x,35-39 years,79360.2,79912.68,78742.94,79228.31,78113.48,78610.22,77252.42,78055.21,77156.34,77721.93,76819.69,77171.47,76176.4,76595.45,75465.49,76023.54,74737.37,75340.98,73888.43,74520.82,72855.59,73486.29,71674.01,72373.66,70412.42,71110.23,69152.39,69894.59,67961.41,68778.27,66802.45,67667.15,65716.75,66617.61
lx - number of people left alive at age x,40-44 years,77215.05,77698.71,76501.84,76912.84,75825.73,76303.15,74936.47,75805.74,74937.02,75531.13,74649.18,74927.1,73995.5,74344.27,73255.52,73775.2,72508.84,73093.31,71613.63,72245.63,70528.16,71163.48,69340.24,70048.04,68037.33,68728.42,66775.13,67495.11,65594.27,66375.38,64416.83,65239.68,63296.24,64152.46
lx - number of people left alive at age x,45-49 years,74609.32,75260.52,73793.2,74392.62,73085.5,73805.54,72209.67,73360.41,72292.05,73133.19,72050.14,72491.96,71392.02,71906.33,70634.16,71338.67,69877.59,70658.99,68945.4,69792.96,67825.25,68678.82,66659.09,67567.99,65334.31,66211.96,64076.36,64966.6,62899.87,63843.3,61691.35,62689.03,60518.88,61575.21
lx - number of people left alive at age x,50-54 years,71681.78,72538.58,70783.22,71624.73,70051.14,71050.63,69193.02,70624.54,69349.43,70425.6,69147.2,69767.98,68494.64,69191.31,67728.67,68632.31,66969.21,67960.03,66012.2,67081.81,64874.14,65948.93,63726.15,64840.91,62391.05,63464.42,61148.44,62217.17,59988.41,61096.97,58761.87,59933.73,57549.93,58804.5
lx - number of people left alive at age x,55-59 years,67649.76,68971.63,66687.83,68024.46,65941.48,67457.31,65121.74,67043.59,65338.7,66863.98,65172.34,66204.36,64534.8,65640.85,63776.44,65094.51,63028.78,64436.63,62064.93,63557.62,60927.65,62417,59807.93,61311.84,58475.65,59921.99,57256.7,58676.76,56119.67,57564.19,54889.5,56400.54,53659.11,55267.08
lx - number of people left alive at age x,60-64 years,62217.1,64246.34,61207.01,63277.48,60461.87,62713.52,59688.51,62305.71,59934.04,62131.37,59795.18,61484.02,59188.1,60940.82,58458.08,60412.72,57740.46,59776.21,56797.18,58909.13,55689.36,57775.19,54616.19,56676.59,53315.26,55289.5,52139,54055.46,51040.73,52957.95,49826.13,51802.66,48598.03,50674.45
lx - number of people left alive at age x,65-69 years,54751.16,57166.8,53741.33,56207.84,53020.53,55649.77,52308.56,55242.95,52550.7,55063.49,52434.31,54450.54,51880.71,53943.55,51207,53447.51,50547.67,52849.62,49664.38,52018.7,48617.16,50910.05,47602.57,49818.45,46359.11,48450.79,45240.45,47239.36,44194.78,46172.02,43020.93,45046.03,41828.83,43947.11
lx - number of people left alive at age x,70-74 years,44936.83,47239.47,44008.81,46349.48,43356.63,45820.76,42734.11,45426.2,42942.03,45239.18,42841.98,44689.63,42365.95,44239.3,41783.17,43795.19,41211.55,43259.7,40429.96,42502.52,39491.89,41471.26,38577.5,40433.38,37450.23,39153.02,36438,38021.47,35489.65,37033.29,34406.95,35988.04,33301.99,34969.02
lx - number of people left alive at age x,75-79 years,32319.63,33973.1,31565.81,33232.29,31040.43,32776.27,30555.22,32427.34,30699.24,32247.54,30616.47,31811.05,30254.46,31456.36,29809.3,31103.19,29370.96,30677.15,28759.07,30063.54,28007.29,29203.34,27260.08,28311.15,26340.26,27235.85,25512.41,26287.33,24735.51,25468.84,23835.81,24602.97,22916.39,23761.8
lx - number of people left alive at age x,80-84 years,18407.2,19377.52,17924.25,18880.14,17588.95,18561.5,17286.78,18311.28,17359.73,18171.4,17301.49,17890.93,17079.69,17663.96,16807.74,17435.93,16537.25,17160.5,16151.63,16757.25,15663.66,16174.69,15166.33,15552.2,14561.4,14823.33,14015.29,14182.62,13502.5,13637.45,12901.61,13062.53,12288.18,12507.76
lx - number of people left alive at age x,85+ years,7177.406,7515.341,6963.018,7283.41,6817.373,7130.206,6688.788,7007.069,6711.189,6933.608,6681.528,6809.043,6586.186,6708.585,6472.072,6607.241,6356.892,6484.852,6188.266,6302.224,5967.705,6031.197,5736.609,5734.333,5462.675,5397.93,5214.465,5104.129,4981.072,4857.897,4705.019,4599.762,4424.315,4352.971
ndx - number of people dying between ages x and x+n,<1 year,7368.482,6530.561,7532.641,6706.652,7715.976,6878.199,7870.147,7032.669,8011.575,7187.169,8187.933,7353.148,8407.088,7547.476,8647.899,7774.269,8958.979,8054.262,9333.617,8364.643,9752.744,8739.428,10198.93,9147.598,10709.11,9610.632,11248.84,10116.14,11781.76,10577.12,12264.4,10987.29,12650.32,11339.96
ndx - number of people dying between ages x and x+n,1-4 years,4169.594,4359.113,4345.166,4561.341,4563.862,4795.313,4755.085,4985.146,4989.63,5232.581,5238.592,5504.321,5570.554,5827.475,5857.605,6111.596,6185.54,6454.464,6551.548,6822.851,7000.891,7276.617,7567.16,7831.501,8098.066,8375.433,8646.591,8914.88,9164.036,9441.801,9666.874,9957.023,10177.86,10434.23
ndx - number of people dying between ages x and x+n,5-9 years,1450.229,1441.906,1488.311,1488.329,1533.739,1540.93,1593.445,1603.429,1619.879,1631.345,1669.336,1680.608,1721.719,1733.272,1768.095,1778.928,1806.539,1817.086,1848.019,1859.055,1885.436,1897.934,1926.9,1942.006,1956.799,1974.59,1984.269,2004.748,2011.114,2034.024,2038.233,2063.266,2074.771,2102.122
ndx - number of people dying between ages x and x+n,10-14 years,701.518,699.013,719.121,718.21,733.945,735.159,779.282,767.427,766.281,767.068,767.411,773.84,779.74,786.093,799.409,801.803,816.516,819.193,828.633,832.872,831.884,837.628,836.479,843.242,847.928,855.834,857.774,866.68,867.924,877.603,878.174,888.417,881.967,892.576
ndx - number of people dying between ages x and x+n,15-19  years,1370.32,1382.476,1413.417,1427.612,1449.631,1463.9,1520.973,1511.172,1490.475,1500.976,1475.479,1500.564,1478.697,1500.826,1494.839,1506.418,1499.619,1508.672,1508.95,1518.353,1534.344,1545.579,1569.685,1581.851,1609.7,1624.779,1644.766,1662.407,1672.394,1691.983,1706.396,1727.665,1742.695,1765.588
ndx - number of people dying between ages x and x+n,20-24 years,1727.678,1747.145,1778.931,1803.974,1812.889,1845.155,1942.889,1888.761,1870.577,1879.737,1836.461,1877.86,1841.796,1878.542,1872.819,1885.541,1878.805,1888.015,1884.287,1897.594,1910.625,1927.496,1952.215,1968.58,1998.157,2019.058,2037.962,2061.206,2068.558,2093.066,2105.067,2132.968,2143.287,2175.818
ndx - number of people dying between ages x and x+n,25-29 years,1892.343,1925.516,1948.838,1984.693,1994.289,2026.145,2117.324,2058.049,2028.536,2025.914,1985.68,2046.846,1993.478,2042.005,2027.714,2036.338,2036.616,2036.162,2050.767,2067.074,2084.345,2118.254,2114.963,2133.76,2163.426,2192.924,2198.482,2222.062,2224.539,2239.985,2256.955,2278.383,2291.146,2327.823
ndx - number of people dying between ages x and x+n,30-34 years,1959.634,2001.588,2030.647,2080.874,2082.183,2104.988,2168.427,2098.133,2066.707,2053.284,2019.42,2091.342,2030.532,2088.86,2066.141,2081.57,2080.021,2081.16,2105.749,2116.735,2144.147,2170.783,2159.665,2177.813,2204.392,2236.532,2228.929,2257.278,2248.267,2266.157,2281.446,2297.843,2321.195,2344.268
ndx - number of people dying between ages x and x+n,35-39 years,2145.157,2213.967,2241.095,2315.475,2287.748,2307.073,2315.95,2249.472,2219.315,2190.803,2170.506,2244.37,2180.9,2251.182,2209.98,2248.345,2228.529,2247.667,2274.799,2275.184,2327.427,2322.802,2333.768,2325.618,2375.096,2381.802,2377.257,2399.488,2367.147,2402.892,2385.622,2427.468,2420.512,2465.148
ndx - number of people dying between ages x and x+n,40-44 years,2605.729,2438.188,2708.649,2520.222,2740.235,2497.608,2726.794,2445.328,2644.966,2397.936,2599.036,2435.144,2603.479,2437.938,2621.352,2436.52,2631.246,2434.32,2668.232,2452.674,2702.905,2484.665,2681.158,2480.044,2703.014,2516.463,2698.77,2528.506,2694.399,2532.076,2725.479,2550.648,2777.356,2577.253
ndx - number of people dying between ages x and x+n,45-49 years,2927.541,2721.945,3009.978,2767.891,3034.363,2754.907,3016.649,2735.878,2942.626,2707.583,2902.94,2723.98,2897.383,2715.02,2905.494,2706.356,2908.384,2698.962,2933.192,2711.145,2951.113,2729.889,2932.938,2727.087,2943.26,2747.541,2927.92,2749.428,2911.463,2746.329,2929.485,2755.3,2968.955,2770.709
ndx - number of people dying between ages x and x+n,50-54 years,4032.026,3566.944,4095.388,3600.262,4109.653,3593.32,4071.281,3580.943,4010.736,3561.619,3974.866,3563.622,3959.837,3550.461,3952.23,3537.806,3940.434,3523.406,3947.269,3524.191,3946.489,3531.927,3918.224,3529.072,3915.403,3542.424,3891.745,3540.409,3868.736,3532.782,3872.365,3533.193,3890.824,3537.415
ndx - number of people dying between ages x and x+n,55-59 years,5432.662,4725.294,5480.818,4746.982,5479.612,4743.791,5433.236,4737.882,5404.66,4732.615,5377.158,4720.346,5346.705,4700.035,5318.364,4681.791,5288.318,4660.419,5267.757,4648.489,5238.287,4641.816,5191.735,4635.247,5160.39,4632.49,5117.699,4621.306,5078.938,4606.246,5063.374,4597.882,5061.078,4592.637
ndx - number of people dying between ages x and x+n,60-64 years,7465.941,7079.54,7465.679,7069.641,7441.342,7063.753,7379.944,7062.757,7383.337,7067.877,7360.866,7033.481,7307.391,6997.263,7251.076,6965.207,7192.789,6926.584,7132.794,6890.429,7072.206,6865.131,7013.619,6858.145,6956.15,6838.716,6898.544,6816.095,6845.953,6785.93,6805.197,6756.63,6769.195,6727.339
ndx - number of people dying between ages x and x+n,65-69 years,9814.323,9927.328,9732.521,9858.361,9663.903,9829.009,9574.449,9816.758,9608.667,9824.308,9592.329,9760.903,9514.767,9704.259,9423.834,9652.323,9336.125,9589.928,9234.427,9516.185,9125.264,9438.794,9025.068,9385.063,8908.878,9297.767,8802.448,9217.896,8705.133,9138.722,8613.982,9057.988,8526.841,8978.091
ndx - number of people dying between ages x and x+n,70-74 years,12617.2,13266.37,12442.99,13117.19,12316.19,13044.49,12178.9,12998.86,12242.79,12991.65,12225.52,12878.59,12111.49,12782.94,11973.87,12692,11840.58,12582.55,11670.89,12438.98,11484.6,12267.92,11317.42,12122.23,11109.97,11917.17,10925.59,11734.14,10754.13,11564.45,10571.13,11385.07,10385.6,11207.21
ndx - number of people dying between ages x and x+n,75-79 years,13912.44,14595.59,13641.56,14352.14,13451.48,14214.77,13268.44,14116.06,13339.51,14076.13,13314.98,13920.12,13174.77,13792.4,13001.56,13667.26,12833.72,13516.64,12607.44,13306.29,12343.64,13028.65,12093.75,12758.95,11778.86,12412.52,11497.12,12104.71,11233.02,11831.4,10934.2,11540.44,10628.22,11254.05
ndx - number of people dying between ages x and x+n,80-84 years,11229.79,11862.17,10961.23,11596.73,10771.58,11431.29,10597.99,11304.21,10648.54,11237.79,10619.96,11081.88,10493.5,10955.38,10335.67,10828.69,10180.36,10675.65,9963.369,10455.02,9695.951,10143.49,9429.718,9817.865,9098.725,9425.397,8800.823,9078.491,8521.425,8779.55,8196.596,8462.766,7863.863,8154.786
ndx - number of people dying between ages x and x+n,85+ years,7177.406,7515.341,6963.018,7283.41,6817.373,7130.206,6688.788,7007.069,6711.189,6933.608,6681.528,6809.043,6586.186,6708.585,6472.072,6607.241,6356.892,6484.852,6188.266,6302.224,5967.705,6031.197,5736.609,5734.333,5462.675,5397.93,5214.465,5104.129,4981.072,4857.897,4705.019,4599.762,4424.315,4352.971
nLx - person-years lived between ages x and x+n,<1 year,94560.34,95032.71,94491.63,94954.11,94410.57,94878.84,94352.18,94815.56,94305.11,94750.37,94239.6,94672.45,94147,94572.82,94037.23,94453.08,93871.23,94303.62,93650.27,94149.96,93398.55,93986.28,93127.56,93821.06,92808.83,93618.63,92461.26,93361.69,92106.23,93085.66,91782.85,92832.82,91524.29,92615.2
nLx - person-years lived between ages x and x+n,1-4 years,359781.9,362636.9,358641.1,361390.6,357309.8,360079.7,356163.8,358950.8,354953.2,357672.3,353558.8,356285.6,351771.9,354651.4,350015.2,352986.8,347874.1,350952,345386.1,348720.7,342499.8,345992.1,339196.1,342853.3,335732.3,339521.4,332110.1,336042.1,328606.6,332796,325344.5,329788.4,322447.8,327112
nLx - person-years lived between ages x and x+n,5-9 years,438684.1,441946.9,436890.2,439939.2,434766.5,437780.1,432890.2,435902.3,430944.3,433822.9,428694,431511.1,425807.5,428792,423052.3,426123.4,419761.1,422913.7,415954.2,419414.9,411518.3,415174.9,406352.3,410249.5,401072.2,405133.2,395562.2,399833,390243.2,394820.3,385248,390120.3,380672.2,385873.7
nLx - person-years lived between ages x and x+n,10-14 years,433304.7,436594.6,431371.6,434422.9,429097.3,432089.9,426958.4,429975.2,424978.9,427826.8,422602.2,425375,419553.8,422493.6,416633.5,419671.5,413203.4,416322.9,409262.5,412685.1,404724.9,408336,399443.9,403286.4,394060.3,398057.2,388457.1,392654.4,383045.6,387541.3,377957,382741.1,373280.3,378386.9
nLx - person-years lived between ages x and x+n,15-19  years,428304.7,431574.1,426224.8,429245.9,423826.6,426783.1,421404.3,424474.1,419528.6,422349.4,417183.6,419880.4,414095.6,416966.7,411086.5,414090.9,407600.9,410692.3,403606,406995.8,398998.2,402568.4,393619.8,397416.6,388110.5,392051.8,382397.3,386530.6,376893.1,381318.1,371696,376404.1,366921.4,371947.5
nLx - person-years lived between ages x and x+n,20-24 years,420496.5,423686.3,418178,421100.5,415601.7,418441.7,412675.2,415902.3,411055.8,413826.9,408833.7,411364.1,405724.8,408448.7,402598.4,405541.8,399086.4,402131.8,395054.1,398387.2,390316,393815.8,384743.8,388468.8,379017.8,382868.5,373115.9,377145.8,367464.7,371778.1,362089.4,366673.3,357126.4,362012.8
nLx - person-years lived between ages x and x+n,25-29 years,411378.7,414436.3,408788.5,411557.9,406012.1,408690.6,402447.3,405960.2,401233.3,403987.5,399204.8,401477.7,396063.1,398572.4,392772.5,395661.7,389223.1,392245.8,385141.8,388399.9,380252.9,383625,374498.1,378134.3,368534.1,372257.8,362443.2,366354.8,356649,360861,351099.8,355558.7,345954.3,350665.6
nLx - person-years lived between ages x and x+n,30-34 years,401749,404618.1,398839.8,401393.7,395820.7,398361.7,391731.3,395567.5,390993.3,393786.9,389190,391129.8,386000.9,388242.8,382535.6,385364.4,378929.1,381949.8,374748.1,377937.6,369678.7,372899.4,363807.6,367351.7,357609.8,361180,351369.1,355151.8,345461,349590.6,339747.7,344112.6,334417.2,338979.4
nLx - person-years lived between ages x and x+n,35-39 years,391561.6,394112.3,388238.1,390437.1,384974,387364.4,380597.1,384728.9,380350.9,383205.5,378785.3,380319.8,375541.8,377421.8,371914.3,374568.3,368226.2,371155.9,363865.3,366985.3,358567.3,361692,352638.2,356118.2,346223.6,349658.1,339914.9,343532.5,333984.3,337939.3,328143.9,332319.4,322629.5,326975
nLx - person-years lived between ages x and x+n,40-44 years,379726.6,382506.9,375905.3,378372.1,372443.6,375375.8,368026.4,373014.4,368225.9,371755.8,366896.4,368642.6,363615.1,365720.3,359869.3,362877.2,356109.2,359471.6,351539.1,355185.7,346021.2,349692.4,340128.3,344122.1,333553.9,337429.4,327248.8,331228.6,321353.2,325617.4,315388.3,319889,309656.8,314383.1
nLx - person-years lived between ages x and x+n,45-49 years,365997.7,369725.9,361712.7,365270.8,358110.5,362362.9,353770.2,360180.4,354358.2,359110.7,353242.7,355863.5,349964.3,352956,346154.2,350137.7,342362.7,346755.9,337639.3,342394.2,331991.4,336774.9,326199.8,331223.8,319545.8,324389.9,313288.2,318154.8,307441,312542.6,301349.3,306746.1,295385.6,301136.1
nLx - person-years lived between ages x and x+n,50-54 years,348858.1,354200.5,344206.6,349545.9,340505.3,346687,336300.6,344582.5,337223.4,343631.8,336295.6,340337.6,333067.2,337484.7,329254.1,334719,325483.1,331390.7,320679,326995.9,314985.9,321310.2,309307.3,315773.3,302631.9,308855.2,296468.8,302620.3,290717.4,297034.6,284568.9,291214.2,278457.6,285554.8
nLx - person-years lived between ages x and x+n,55-59 years,325386.7,333742.3,320451.4,328947.7,316713.2,326113.3,312718.2,324054.2,313867.6,323166.2,313099.4,319895.6,309982.8,317124.9,306257.2,314435.3,302588.6,311195.1,297815.7,306826.3,292194.8,301135.9,286701,295621.8,280107.8,288675.2,274108.3,282471.8,268509.6,276941.4,262388.7,271139.6,256234.9,265481.4
nLx - person-years lived between ages x and x+n,60-64 years,293361.8,304650.1,288296.8,299817.9,284616.7,297002.6,280887.4,294958.5,282102.5,294069.8,281459.1,290910.5,278549.2,288276.9,275031.4,285709.2,271579.7,282614.1,267002.4,278358.8,261601.5,272741,256367.5,267255.1,249991.4,260355.5,244239,254229.3,238865.2,248805,232879.6,243089.3,226815,237509
nLx - person-years lived between ages x and x+n,65-69 years,250345.2,262369.1,245473,257721.8,242017.7,254987,238660.3,252969.9,239782,252045,239234.6,249123.1,236648.6,246716.4,233494.3,244353,230403,241503.7,226222.9,237512.8,221236.5,232135.8,216388.8,226784,210433.8,220130.8,205080,214243.1,200070.3,209077.5,194402,203621.4,188632.4,198299.2
nLx - person-years lived between ages x and x+n,70-74 years,194152,204183.8,189911.8,200070.5,186939.3,197581.2,184144.3,195699.5,185017.6,194765.3,184551.3,192278.2,182441.5,190246.8,179855.1,188234.6,177312.2,185807.8,173803.6,182349.3,169545.1,177576.3,165353.1,172701.9,160192.8,166758.2,155552.6,161509,151202.2,156950.6,146203.4,152128.9,141099.1,147436.1
nLx - person-years lived between ages x and x+n,75-79 years,126612.5,133192.2,123502.3,130069.9,121334,128107.7,119351.7,126586.2,119878.5,125765.3,119515.9,123958.3,118050.5,122491.2,116252.2,121024.4,114472,119253.9,111966,116688.7,108844.7,113045.8,105703.9,109214.3,101862.3,104661,98398.58,100650.1,95148.06,97211.16,91365.52,93578.68,87502.98,90060.95
nLx - person-years lived between ages x and x+n,80-84 years,61977.74,65056.73,60265.2,63253.66,59081.32,62078.45,58021.7,61144.79,58238.5,60602.49,58014.15,59602.66,57235.85,58793.35,56290.48,57978.44,55343.34,56994.15,53981.34,55545.79,52233.01,53432.42,50428.38,51150.15,48258.6,48517.75,46296.15,46209.73,44453.8,44258.64,42288.85,42206.82,40083.84,40235.2
nLx - person-years lived between ages x and x+n,85+ years,23100.8,24772.41,22372.54,23931.56,21870.8,23360.63,21423.94,22894.25,21474.64,22609.97,21362.03,22168.98,21041.42,21812.36,20657.67,21448.97,20269.25,21013.55,19696.18,20359.39,18932.28,19379.34,18116.84,18293.87,17162.67,17086.99,16297.01,16039.06,15487.42,15170.51,14533.56,14266.78,13570.31,13409.01
Tx - person-years lived above age x,<1 year,5749341,5839038,5693761,5781444,5645452,5738127,5592524,5702362,5588512,5678752,5565963,5634797,5519303,5591786,5467761,5549380,5413699,5498668,5347014,5435894,5267542,5355315,5182122,5269841,5086911,5171206,4994809,5077963,4907702,4993340,4818478,4908432,4732413,4828073
Tx - person-years lived above age x,1-4 years,5654780,5744005,5599270,5686490,5551042,5643248,5498172,5607546,5494207,5584002,5471724,5540124,5425156,5497213,5373724,5454927,5319828,5404365,5253363,5341744,5174143,5261328,5088995,5176020,4994102,5077588,4902347,4984601,4815596,4900254,4726695,4815599,4640888,4735458
Tx - person-years lived above age x,5-9 years,5294998,5381368,5240629,5325099,5193732,5283168,5142008,5248596,5139254,5226329,5118165,5183839,5073384,5142561,5023709,5101940,4971954,5053413,4907977,4993023,4831643,4915336,4749799,4833166,4658369,4738066,4570237,4648559,4486989,4567458,4401350,4485810,4318440,4408346
Tx - person-years lived above age x,10-14 years,4856314,4939421,4803739,4885160,4758965,4845388,4709118,4812693,4708310,4792506,4689471,4752328,4647577,4713769,4600657,4675817,4552193,4630499,4492023,4573608,4420125,4500161,4343446,4422917,4257297,4332933,4174675,4248726,4096746,4172638,4016102,4095690,3937768,4022472
Tx - person-years lived above age x,15-19  years,4423010,4502827,4372367,4450737,4329868,4413298,4282160,4382718,4283331,4364679,4266869,4326953,4228023,4291276,4184023,4256145,4138989,4214176,4082761,4160923,4015400,4091825,3944002,4019630,3863237,3934876,3786218,3856072,3713700,3785097,3638145,3712949,3564488,3644085
Tx - person-years lived above age x,20-24 years,3994705,4071253,3946142,4021491,3906041,3986515,3860755,3958244,3863802,3942330,3849685,3907072,3813927,3874309,3772937,3842054,3731388,3803484,3679155,3753927,3616402,3689256,3550382,3622213,3475126,3542824,3403821,3469541,3336807,3403779,3266449,3336545,3197566,3272138
Tx - person-years lived above age x,25-29 years,3574208,3647566,3527964,3600391,3490439,3568073,3448080,3542342,3452746,3528503,3440851,3495708,3408202,3465860,3370338,3436512,3332302,3401352,3284100,3355540,3226086,3295441,3165639,3233745,3096108,3159956,3030705,3092395,2969343,3032000,2904360,2969871,2840440,2910125
Tx - person-years lived above age x,30-34 years,3162830,3233130,3119176,3188833,3084427,3159383,3045633,3136381,3051513,3124515,3041647,3094231,3012139,3067288,2977566,3040851,2943079,3009106,2898959,2967140,2845833,2911816,2791141,2855610,2727574,2787698,2668261,2726040,2612694,2671139,2553260,2614313,2494485,2559460
Tx - person-years lived above age x,35-39 years,2761081,2828512,2720336,2787439,2688607,2761021,2653902,2740814,2660520,2730728,2652457,2703101,2626138,2679045,2595030,2655486,2564150,2627157,2524211,2589202,2476154,2538916,2427333,2488259,2369965,2426518,2316892,2370889,2267233,2321549,2213512,2270200,2160068,2220480
Tx - person-years lived above age x,40-44 years,2369519,2434400,2332098,2397002,2303633,2373657,2273305,2356085,2280169,2347523,2273671,2322781,2250596,2301623,2223116,2280918,2195923,2256001,2160345,2222217,2117587,2177224,2074695,2132140,2023741,2076860,1976977,2027356,1933248,1983610,1885368,1937881,1837439,1893505
Tx - person-years lived above age x,45-49 years,1989793,2051893,1956193,2018630,1931189,1998281,1905278,1983070,1911943,1975767,1906775,1954139,1886981,1935903,1863247,1918041,1839814,1896529,1808806,1867031,1771565,1827532,1734567,1788018,1690187,1739431,1649729,1696127,1611895,1657992,1569980,1617992,1527782,1579122
Tx - person-years lived above age x,50-54 years,1623795,1682167,1594480,1653359,1573078,1635918,1551508,1622890,1557585,1616656,1553532,1598275,1537017,1582947,1517092,1567903,1497451,1549773,1471167,1524637,1439574,1490757,1408367,1456795,1370641,1415041,1336441,1377973,1304454,1345450,1268631,1311246,1232396,1277986
Tx - person-years lived above age x,55-59 years,1274937,1327967,1250273,1303813,1232573,1289231,1215208,1278307,1220361,1273024,1217237,1257937,1203950,1245462,1187838,1233184,1171968,1218382,1150488,1197641,1124588,1169447,1099060,1141021,1068009,1106186,1039972,1075352,1013736,1048415,984061.6,1020031,953938.5,992430.9
Tx - person-years lived above age x,60-64 years,949550,994224.3,929821.8,974865.4,915859.9,963117.6,902489.3,954253.2,906493.8,949858,904137.1,938041.8,893967.1,928337.1,881581.1,918748.7,869379.5,907187.1,852672.4,890814.9,832393.1,868310.6,812358.5,845399.3,787901.6,817510.4,765863.4,792880.4,745226.9,771473.4,721672.9,748891.8,697703.6,726949.5
Tx - person-years lived above age x,65-69 years,656188.3,689574.1,641524.9,675047.4,631243.1,666115,621601.9,659294.7,624391.3,655788.1,622677.9,647131.3,615417.9,640060.1,606549.8,633039.5,597799.8,624573.1,585670,612456.1,570791.5,595569.6,555991,578144.2,537910.2,557154.9,521624.3,538651,506361.8,522668.4,488793.3,505802.5,470888.7,489440.5
Tx - person-years lived above age x,70-74 years,405843,427205.1,396051.9,417325.7,389225.4,411128,382941.6,406324.8,384609.3,403743.1,383443.4,398008.1,378769.3,393343.7,373055.5,388686.5,367396.8,383069.4,359447.2,374943.3,349555,363433.8,339602.3,351360.2,327476.4,337024,316544.3,324407.9,306291.5,313590.9,294391.3,302181.1,282256.3,291141.3
Tx - person-years lived above age x,75-79 years,211691,223021.3,206140.1,217255.1,202286.1,213546.7,198797.3,210625.2,199591.7,208977.8,198892.1,205729.9,196327.8,203096.9,193200.3,200451.8,190084.6,197261.6,185643.6,192593.9,180010,185857.5,174249.1,178658.3,167283.6,170265.8,160991.7,162898.9,155089.3,156640.3,148187.9,150052.3,141157.1,143705.2
Tx - person-years lived above age x,80-84 years,85078.54,89829.14,82637.74,87185.22,80952.13,85439.08,79445.64,84039.03,79713.14,83212.47,79376.18,81771.64,78277.27,80605.72,76948.16,79427.41,75612.59,78007.7,73677.52,75905.18,71165.28,72811.77,68545.22,69444.02,65421.27,65604.74,62593.16,62248.79,59941.23,59429.15,56822.41,56473.61,53654.15,53644.21
Tx - person-years lived above age x,85+ years,23100.8,24772.41,22372.54,23931.56,21870.8,23360.63,21423.94,22894.25,21474.64,22609.97,21362.03,22168.98,21041.42,21812.36,20657.67,21448.97,20269.25,21013.55,19696.18,20359.39,18932.28,19379.34,18116.84,18293.87,17162.67,17086.99,16297.01,16039.06,15487.42,15170.51,14533.56,14266.78,13570.31,13409.01
ex - expectation of life at age x,<1 year,57.5,58.4,56.9,57.8,56.5,57.4,55.9,57,55.9,56.8,55.7,56.3,55.2,55.9,54.7,55.5,54.1,55,53.5,54.4,52.7,53.6,51.8,52.7,50.9,51.7,49.9,50.8,49.1,49.9,48.2,49.1,47.3,48.3
ex - expectation of life at age x,1-4 years,61,61.5,60.6,61,60.2,60.6,59.7,60.3,59.7,60.2,59.6,59.8,59.2,59.5,58.8,59.1,58.4,58.8,57.9,58.3,57.3,57.7,56.7,57,55.9,56.2,55.2,55.5,54.6,54.8,53.9,54.1,53.1,53.4
ex - expectation of life at age x,5-9 years,59.9,60.4,59.5,60,59.2,59.8,58.9,59.7,59.1,59.7,59.1,59.5,59,59.4,58.8,59.2,58.6,59.1,58.3,58.9,58,58.5,57.8,58.2,57.4,57.8,57.1,57.4,56.8,57.1,56.4,56.7,56,56.4
ex - expectation of life at age x,10-14 years,55.8,56.3,55.4,56,55.2,55.8,54.9,55.7,55.1,55.8,55.2,55.6,55.1,55.5,54.9,55.4,54.8,55.3,54.6,55.1,54.3,54.8,54.1,54.6,53.7,54.1,53.4,53.8,53.2,53.5,52.8,53.2,52.4,52.8
ex - expectation of life at age x,15-19  years,51.2,51.8,50.9,51.4,50.7,51.3,50.4,51.2,50.6,51.2,50.7,51.1,50.6,51,50.5,51,50.3,50.9,50.1,50.7,49.9,50.4,49.6,50.1,49.3,49.7,49,49.4,48.8,49.1,48.4,48.8,48,48.4
ex - expectation of life at age x,20-24 years,47,47.6,46.7,47.3,46.5,47.1,46.2,47.1,46.5,47.1,46.6,47,46.5,46.9,46.3,46.8,46.2,46.8,46,46.6,45.8,46.3,45.6,46.1,45.3,45.7,45,45.4,44.8,45.2,44.5,44.9,44.1,44.5
ex - expectation of life at age x,25-29 years,43,43.5,42.6,43.2,42.5,43.1,42.3,43.1,42.5,43.1,42.6,43,42.5,42.9,42.4,42.9,42.3,42.8,42.1,42.6,41.9,42.4,41.7,42.2,41.4,41.8,41.2,41.6,41,41.4,40.7,41.1,40.4,40.8
ex - expectation of life at age x,30-34 years,38.9,39.5,38.6,39.2,38.5,39.1,38.3,39.1,38.5,39.2,38.6,39,38.5,39,38.4,38.9,38.3,38.9,38.1,38.7,37.9,38.5,37.8,38.3,37.6,38,37.4,37.8,37.2,37.6,37,37.4,36.7,37.1
ex - expectation of life at age x,35-39 years,34.8,35.4,34.5,35.2,34.4,35.1,34.4,35.1,34.5,35.1,34.5,35,34.5,35,34.4,34.9,34.3,34.9,34.2,34.7,34,34.5,33.9,34.4,33.7,34.1,33.5,33.9,33.4,33.8,33.1,33.5,32.9,33.3
ex - expectation of life at age x,40-44 years,30.7,31.3,30.5,31.2,30.4,31.1,30.3,31.1,30.4,31.1,30.5,31,30.4,31,30.3,30.9,30.3,30.9,30.2,30.8,30,30.6,29.9,30.4,29.7,30.2,29.6,30,29.5,29.9,29.3,29.7,29,29.5
ex - expectation of life at age x,45-49 years,26.7,27.3,26.5,27.1,26.4,27.1,26.4,27,26.4,27,26.5,27,26.4,26.9,26.4,26.9,26.3,26.8,26.2,26.8,26.1,26.6,26,26.5,25.9,26.3,25.7,26.1,25.6,26,25.4,25.8,25.2,25.6
ex - expectation of life at age x,50-54 years,22.7,23.2,22.5,23.1,22.5,23,22.4,23,22.5,23,22.5,22.9,22.4,22.9,22.4,22.8,22.4,22.8,22.3,22.7,22.2,22.6,22.1,22.5,22,22.3,21.9,22.1,21.7,22,21.6,21.9,21.4,21.7
ex - expectation of life at age x,55-59 years,18.8,19.3,18.7,19.2,18.7,19.1,18.7,19.1,18.7,19,18.7,19,18.7,19,18.6,18.9,18.6,18.9,18.5,18.8,18.5,18.7,18.4,18.6,18.3,18.5,18.2,18.3,18.1,18.2,17.9,18.1,17.8,18
ex - expectation of life at age x,60-64 years,15.3,15.5,15.2,15.4,15.1,15.4,15.1,15.3,15.1,15.3,15.1,15.3,15.1,15.2,15.1,15.2,15.1,15.2,15,15.1,14.9,15,14.9,14.9,14.8,14.8,14.7,14.7,14.6,14.6,14.5,14.5,14.4,14.3
ex - expectation of life at age x,65-69 years,12,12.1,11.9,12,11.9,12,11.9,11.9,11.9,11.9,11.9,11.9,11.9,11.9,11.8,11.8,11.8,11.8,11.8,11.8,11.7,11.7,11.7,11.6,11.6,11.5,11.5,11.4,11.5,11.3,11.4,11.2,11.3,11.1
ex - expectation of life at age x,70-74 years,9,9,9,9,9,9,9,8.9,9,8.9,9,8.9,8.9,8.9,8.9,8.9,8.9,8.9,8.9,8.8,8.9,8.8,8.8,8.7,8.7,8.6,8.7,8.5,8.6,8.5,8.6,8.4,8.5,8.3
ex - expectation of life at age x,75-79 years,6.5,6.6,6.5,6.5,6.5,6.5,6.5,6.5,6.5,6.5,6.5,6.5,6.5,6.5,6.5,6.4,6.5,6.4,6.5,6.4,6.4,6.4,6.4,6.3,6.4,6.3,6.3,6.2,6.3,6.2,6.2,6.1,6.2,6
ex - expectation of life at age x,80-84 years,4.6,4.6,4.6,4.6,4.6,4.6,4.6,4.6,4.6,4.6,4.6,4.6,4.6,4.6,4.6,4.6,4.6,4.5,4.6,4.5,4.5,4.5,4.5,4.5,4.5,4.4,4.5,4.4,4.4,4.4,4.4,4.3,4.4,4.3
ex - expectation of life at age x,85+ years,3.2,3.3,3.2,3.3,3.2,3.3,3.2,3.3,3.2,3.3,3.2,3.3,3.2,3.3,3.2,3.2,3.2,3.2,3.2,3.2,3.2,3.2,3.2,3.2,3.1,3.2,3.1,3.1,3.1,3.1,3.1,3.1,3.1,3.1
